{
    "Elf / Ranger / Terra": 64.81481481481481,
    "Gnome / Arcanist / Electric": 62.96296296296296,
    "Dwarf / Arcanist / Electric": 46.2962962962963,
    "Orc / Assassin / Sea": 38.88888888888889,
    "Orc / Warrior / Terra": 37.03703703703704
}