{
    "Gnome / Arcanist / Electric": 73.67601540682465,
    "Gnome / Arcanist / Sea": 66.07015652678227,
    "Elf / Fighter / Flame": 65.11810427974356,
    "Elf / Assassin / Flame": 61.96077689732776,
    "Gnome / Warrior / Electric": 58.524973050664755,
    "Gnome / Fighter / Nature": 57.62098833141063,
    "Human / Assassin / Electric": 57.384905850684916,
    "Human / Fighter / Flame": 57.26922858709836,
    "Gnome / Warrior / Terra": 54.28872666754921,
    "Human / Fighter / Sea": 53.16993525855602,
    "Human / Warrior / Electric": 51.84579306692891,
    "Elf / Warrior / Nature": 50.26807496643153,
    "Dwarf / Fighter / Terra": 50.16752715421323,
    "Human / Warrior / Nature": 50.02127579098663,
    "Elf / Arcanist / Terra": 49.284187832138734,
    "Elf / Assassin / Nature": 48.61786157812786,
    "Orc / Fighter / Electric": 47.714034457325496,
    "Human / Ranger / Sea": 44.184774728773064,
    "Dwarf / Assassin / Terra": 41.011845099633746,
    "Orc / Warrior / Flame": 40.371207393258565,
    "Orc / Fighter / Flame": 39.06692260655231,
    "Dwarf / Assassin / Electric": 36.85628912381565,
    "Dwarf / Ranger / Sea": 35.62087486052537,
    "Orc / Ranger / Nature": 33.684620282290346,
    "Orc / Arcanist / Flame": 26.200900202356415
}