{
    "Elf / Assassin / Terra": 67.05882352941175,
    "Elf / Arcanist / Terra": 60.78431372549019,
    "Dwarf / Assassin / Flame": 49.80392156862745,
    "Dwarf / Fighter / Electric": 49.6078431372549,
    "Orc / Warrior / Electric": 44.11764705882353,
    "Gnome / Ranger / Electric": 39.411764705882355,
    "Dwarf / Arcanist / Electric": 39.21568627450981
}