{
    "Gnome / Assassin / Sea": 97.60031471282454,
    "Elf / Assassin / Sea": 94.13847364280095,
    "Human / Assassin / Electric": 91.4765276685025,
    "Gnome / Fighter / Electric": 91.30605822187255,
    "Orc / Fighter / Electric": 91.20115394702334,
    "Elf / Fighter / Electric": 90.84710201940729,
    "Human / Arcanist / Sea": 90.32258064516128,
    "Orc / Assassin / Electric": 90.15211119853134,
    "Human / Ranger / Sea": 88.27694728560189,
    "Gnome / Warrior / Electric": 88.06713873590348,
    "Orc / Arcanist / Electric": 87.94912142669814,
    "Elf / Assassin / Electric": 87.43771308680829,
    "Human / Fighter / Electric": 84.84133228429059,
    "Dwarf / Assassin / Electric": 84.27747180697614,
    "Elf / Warrior / Electric": 84.15945449777078,
    "Dwarf / Ranger / Electric": 83.64804615788093,
    "Gnome / Arcanist / Electric": 83.5038027799633,
    "Orc / Ranger / Electric": 83.22842905848414,
    "Gnome / Ranger / Electric": 82.67768161552583,
    "Elf / Ranger / Sea": 82.02202989771833,
    "Human / Assassin / Sea": 81.54996066089694,
    "Dwarf / Fighter / Electric": 80.72383949645948,
    "Human / Ranger / Electric": 79.81904012588514,
    "Gnome / Ranger / Sea": 79.33385785470757,
    "Elf / Ranger / Electric": 78.59952793076317,
    "Elf / Arcanist / Sea": 76.08182533438239,
    "Orc / Warrior / Electric": 75.28193023865722,
    "Elf / Fighter / Sea": 74.15420928402833,
    "Human / Warrior / Electric": 73.85260949383688,
    "Gnome / Fighter / Sea": 72.88224495148178,
    "Gnome / Warrior / Sea": 72.75111460792027,
    "Dwarf / Ranger / Sea": 72.55441909257803,
    "Dwarf / Assassin / Sea": 72.44951481772883,
    "Human / Arcanist / Electric": 72.13480199318121,
    "Gnome / Assassin / Electric": 71.97744558090741,
    "Orc / Ranger / Sea": 70.65302911093627,
    "Orc / Assassin / Sea": 69.53842119066353,
    "Dwarf / Warrior / Electric": 69.48596905323892,
    "Elf / Arcanist / Electric": 63.952268554943615,
    "Orc / Fighter / Terra": 61.29032258064516,
    "Gnome / Arcanist / Sea": 60.870705481248365,
    "Orc / Assassin / Terra": 60.293731969577756,
    "Human / Fighter / Sea": 59.270915289798054,
    "Elf / Warrior / Sea": 58.903750327825854,
    "Gnome / Fighter / Terra": 58.379228953579855,
    "Elf / Assassin / Terra": 58.2087595069499,
    "Orc / Fighter / Nature": 57.8415945449777,
    "Elf / Fighter / Flame": 57.73669027012851,
    "Dwarf / Arcanist / Sea": 56.884343036978755,
    "Orc / Ranger / Flame": 56.12378704432206,
    "Dwarf / Arcanist / Electric": 56.09756097560976,
    "Elf / Fighter / Terra": 55.44190925780226,
    "Orc / Arcanist / Sea": 54.49777078415945,
    "Dwarf / Assassin / Terra": 53.9076842381327,
    "Dwarf / Fighter / Sea": 52.530815630736946,
    "Gnome / Warrior / Flame": 52.1243115656963,
    "Gnome / Assassin / Terra": 51.271964332546546,
    "Elf / Warrior / Flame": 50.90479937057435,
    "Gnome / Warrior / Terra": 50.747442958300546,
    "Human / Assassin / Terra": 50.642538683451356,
    "Human / Warrior / Sea": 48.4526619459743,
    "Human / Ranger / Flame": 47.6134277471807,
    "Orc / Ranger / Terra": 47.3511670600577,
    "Dwarf / Fighter / Flame": 47.128245476003144,
    "Elf / Warrior / Terra": 47.11513244164699,
    "Human / Fighter / Terra": 47.03645423551009,
    "Dwarf / Ranger / Terra": 46.5119328612641,
    "Orc / Arcanist / Terra": 46.2496721741411,
    "Elf / Fighter / Nature": 46.0136375557304,
    "Elf / Ranger / Terra": 45.436664044059796,
    "Orc / Fighter / Flame": 45.187516391292945,
    "Gnome / Fighter / Flame": 45.055566483084185,
    "Elf / Assassin / Flame": 44.84688483477577,
    "Orc / Arcanist / Nature": 44.820351429320745,
    "Gnome / Ranger / Terra": 44.64988198269079,
    "Orc / Warrior / Flame": 44.623655913978496,
    "Gnome / Assassin / Flame": 44.597942073170735,
    "Orc / Assassin / Nature": 44.38762129556779,
    "Elf / Warrior / Nature": 43.98111723052715,
    "Orc / Fighter / Sea": 43.928665093102545,
    "Human / Fighter / Flame": 43.77130868082874,
    "Human / Fighter / Nature": 43.31235247836349,
    "Dwarf / Arcanist / Terra": 43.2599003409389,
    "Dwarf / Fighter / Nature": 42.800944138473646,
    "Human / Assassin / Nature": 41.935483870967744,
    "Orc / Warrior / Terra": 41.68633621820089,
    "Human / Warrior / Flame": 41.54209284028324,
    "Orc / Warrior / Sea": 41.18804091266719,
    "Dwarf / Ranger / Flame": 40.93889325990034,
    "Gnome / Warrior / Nature": 40.87332808811959,
    "Orc / Assassin / Flame": 40.755310778914236,
    "Dwarf / Arcanist / Nature": 40.597954366640444,
    "Dwarf / Assassin / Nature": 40.519276160503544,
    "Elf / Assassin / Nature": 40.42748492001049,
    "Elf / Arcanist / Nature": 39.92918961447679,
    "Human / Ranger / Nature": 39.32599003409389,
    "Human / Warrior / Terra": 38.40807762916339,
    "Human / Ranger / Terra": 38.29006031995804,
    "Elf / Ranger / Flame": 38.29006031995804,
    "Gnome / Fighter / Nature": 38.25072121688959,
    "Gnome / Arcanist / Flame": 37.84421715184894,
    "Dwarf / Fighter / Terra": 37.80487804878049,
    "Dwarf / Ranger / Nature": 37.752425911355886,
    "Orc / Arcanist / Flame": 37.62129556779439,
    "Human / Arcanist / Terra": 37.136113296616834,
    "Dwarf / Assassin / Flame": 36.900078678206135,
    "Orc / Warrior / Nature": 35.877261998426434,
    "Dwarf / Warrior / Sea": 35.45764489902963,
    "Human / Assassin / Flame": 35.405192761605036,
    "Orc / Ranger / Nature": 35.024914765276684,
    "Elf / Arcanist / Terra": 34.80199318122214,
    "Human / Arcanist / Nature": 34.015211119853134,
    "Gnome / Assassin / Nature": 33.80540257015473,
    "Elf / Ranger / Nature": 33.67427222659323,
    "Dwarf / Arcanist / Flame": 33.32022029897718,
    "Dwarf / Warrior / Flame": 33.293994230264886,
    "Human / Warrior / Nature": 32.966168371361135,
    "Dwarf / Warrior / Nature": 31.65486493574613,
    "Gnome / Arcanist / Nature": 30.802517702596383,
    "Gnome / Ranger / Nature": 29.976396538158927,
    "Dwarf / Warrior / Terra": 29.464988198269083,
    "Gnome / Ranger / Flame": 29.084710201940727,
    "Gnome / Arcanist / Terra": 27.35378966692893,
    "Human / Arcanist / Flame": 23.105166535536323,
    "Elf / Arcanist / Flame": 21.70207185942827
}