{
    "Elf / Warrior / Electric": 76.31578947368422,
    "Elf / Fighter / Nature": 55.26315789473685,
    "Elf / Arcanist / Electric": 45.78947368421053,
    "Human / Ranger / Terra": 43.15789473684211,
    "Dwarf / Warrior / Sea": 41.05263157894737,
    "Human / Warrior / Terra": 38.421052631578945
}