{
    "Human / Fighter / Electric": 65.19607843137256,
    "Gnome / Assassin / Terra": 64.6358543417367,
    "Gnome / Ranger / Nature": 61.36788048552755,
    "Orc / Assassin / Electric": 54.738562091503276,
    "Human / Ranger / Electric": 53.36134453781513,
    "Human / Fighter / Sea": 49.32306255835668,
    "Human / Assassin / Flame": 41.31652661064425,
    "Dwarf / Arcanist / Electric": 40.662931839402425,
    "Orc / Ranger / Sea": 35.87768440709617,
    "Dwarf / Fighter / Electric": 33.52007469654528
}