{
    "Orc / Arcanist / Electric": 65.1082251082251,
    "Elf / Fighter / Electric": 60.43290043290044,
    "Human / Fighter / Flame": 55.23809523809524,
    "Human / Arcanist / Electric": 53.41991341991342,
    "Orc / Warrior / Flame": 51.25541125541125,
    "Elf / Arcanist / Terra": 45.02164502164502,
    "Gnome / Fighter / Sea": 44.84848484848485,
    "Dwarf / Arcanist / Terra": 24.675324675324674
}