{
    "Dwarf / Warrior / Terra": 90.19061772798987,
    "Elf / Arcanist / Nature": 58.929976396538166,
    "Orc / Arcanist / Nature": 46.407028586414896,
    "Human / Arcanist / Nature": 44.72856018882769,
    "Dwarf / Arcanist / Nature": 43.61395226855495,
    "Gnome / Arcanist / Nature": 31.53684762654078,
    "Orc / Fighter / Nature": 31.20902176763703,
    "Elf / Assassin / Nature": 29.92394440073433,
    "Dwarf / Assassin / Nature": 27.196433254655126,
    "Human / Assassin / Nature": 25.163912929451875,
    "Gnome / Assassin / Nature": 24.626278520849727,
    "Elf / Fighter / Nature": 24.232887490165226,
    "Orc / Assassin / Nature": 22.265932336742722,
    "Human / Ranger / Nature": 20.71859428271702,
    "Gnome / Fighter / Nature": 20.57435090479937,
    "Orc / Fighter / Terra": 20.19407290847102,
    "Human / Fighter / Nature": 19.42040388145817,
    "Orc / Ranger / Nature": 18.227117755048518,
    "Dwarf / Ranger / Nature": 17.83372672436402,
    "Elf / Ranger / Nature": 16.247049567269865,
    "Elf / Warrior / Nature": 15.565171780750065,
    "Gnome / Warrior / Nature": 15.525832677681617,
    "Orc / Arcanist / Terra": 15.224232887490166,
    "Dwarf / Fighter / Nature": 14.857067925517963,
    "Elf / Fighter / Terra": 14.699711513244166,
    "Orc / Assassin / Terra": 14.332546551271964,
    "Orc / Fighter / Electric": 14.162077104642016,
    "Orc / Warrior / Electric": 13.834251245738264,
    "Gnome / Ranger / Nature": 13.650668764752163,
    "Gnome / Fighter / Terra": 12.536060844479413,
    "Orc / Warrior / Nature": 12.300026226068713,
    "Human / Fighter / Terra": 11.132966168371361,
    "Human / Assassin / Terra": 11.054287962234461,
    "Dwarf / Fighter / Electric": 11.014948859166012,
    "Orc / Ranger / Terra": 10.89693154996066,
    "Dwarf / Assassin / Terra": 10.80514030946761,
    "Orc / Fighter / Flame": 10.687123000262261,
    "Orc / Warrior / Flame": 10.39863624442696,
    "Gnome / Warrior / Terra": 10.31995803829006,
    "Elf / Assassin / Terra": 10.29373196957776,
    "Dwarf / Warrior / Nature": 10.22816679779701,
    "Human / Warrior / Nature": 9.91345397324941,
    "Dwarf / Arcanist / Terra": 9.40204563335956,
    "Dwarf / Fighter / Terra": 9.38893259900341,
    "Dwarf / Ranger / Terra": 9.31025439286651,
    "Orc / Warrior / Terra": 9.24468922108576,
    "Dwarf / Assassin / Flame": 8.746393915552058,
    "Elf / Warrior / Flame": 8.379228953579858,
    "Dwarf / Fighter / Flame": 8.326776816155258,
    "Elf / Warrior / Terra": 8.14319433516916,
    "Dwarf / Warrior / Electric": 8.012063991607658,
    "Human / Arcanist / Terra": 7.789142407553109,
    "Human / Ranger / Terra": 7.6055599265670075,
    "Elf / Ranger / Terra": 7.500655651717808,
    "Elf / Arcanist / Terra": 7.421977445580907,
    "Gnome / Assassin / Terra": 7.421977445580907,
    "Orc / Arcanist / Flame": 6.530291109362707,
    "Dwarf / Ranger / Flame": 6.372934697088907,
    "Orc / Assassin / Flame": 6.333595594020457,
    "Human / Warrior / Flame": 6.3073695253081565,
    "Orc / Fighter / Sea": 5.979543666404406,
    "Human / Warrior / Electric": 5.8353002884867555,
    "Human / Warrior / Terra": 5.730396013637556,
    "Dwarf / Warrior / Flame": 5.717282979281406,
    "Gnome / Ranger / Terra": 5.664830841856806,
    "Human / Fighter / Electric": 5.350118017309206,
    "Human / Assassin / Flame": 5.350118017309206,
    "Gnome / Warrior / Flame": 5.166535536323106,
    "Elf / Warrior / Electric": 5.127196433254655,
    "Gnome / Assassin / Flame": 5.114083398898505,
    "Human / Fighter / Flame": 5.035405192761605,
    "Elf / Assassin / Flame": 5.035405192761605,
    "Gnome / Arcanist / Terra": 4.864935746131655,
    "Dwarf / Arcanist / Flame": 4.642014162077104,
    "Elf / Fighter / Flame": 4.6026750590086545,
    "Elf / Arcanist / Flame": 4.576448990296354,
    "Dwarf / Fighter / Sea": 4.471544715447155,
    "Gnome / Arcanist / Flame": 4.209284028324154,
    "Orc / Ranger / Flame": 4.169944925255704,
    "Human / Ranger / Flame": 4.038814581694204,
    "Orc / Warrior / Sea": 3.9601363755573042,
    "Elf / Fighter / Electric": 3.5142932074482034,
    "Gnome / Fighter / Flame": 3.4225019669551533,
    "Gnome / Warrior / Electric": 3.3962758982428536,
    "Dwarf / Assassin / Electric": 3.238919485969053,
    "Orc / Assassin / Electric": 3.081563073695253,
    "Elf / Warrior / Sea": 2.7012850773669026,
    "Elf / Ranger / Flame": 2.5308156307369525,
    "Human / Arcanist / Flame": 2.5045895620246528,
    "Gnome / Ranger / Flame": 2.4652504589562025,
    "Orc / Ranger / Electric": 2.334120115394702,
    "Human / Fighter / Sea": 2.2685549436139523,
    "Human / Warrior / Sea": 2.242328874901652,
    "Dwarf / Ranger / Electric": 2.2292158405455025,
    "Dwarf / Warrior / Sea": 2.2029897718332023,
    "Dwarf / Assassin / Sea": 2.1505376344086025,
    "Elf / Fighter / Sea": 2.111198531340152,
    "Gnome / Arcanist / Electric": 1.9800681877786521,
    "Dwarf / Arcanist / Electric": 1.9407290847102021,
    "Gnome / Fighter / Electric": 1.6129032258064515,
    "Orc / Assassin / Sea": 1.5342250196695515,
    "Elf / Arcanist / Electric": 1.4817728822449516,
    "Dwarf / Arcanist / Sea": 1.4817728822449516,
    "Gnome / Warrior / Sea": 1.4293207448203515,
    "Orc / Arcanist / Sea": 1.3244164699711514,
    "Orc / Ranger / Sea": 1.3113034356150013,
    "Gnome / Assassin / Electric": 1.2850773669027014,
    "Dwarf / Ranger / Sea": 1.2588512981904012,
    "Gnome / Ranger / Electric": 1.1277209546289013,
    "Orc / Arcanist / Electric": 1.1146079202727512,
    "Human / Arcanist / Sea": 1.049042748492001,
    "Elf / Assassin / Electric": 1.009703645423551,
    "Human / Assassin / Sea": 0.9834775767112509,
    "Elf / Assassin / Sea": 0.917912404930501,
    "Human / Arcanist / Electric": 0.8916863362182009,
    "Gnome / Fighter / Sea": 0.8916863362182009,
    "Elf / Ranger / Electric": 0.8261211644374508,
    "Elf / Arcanist / Sea": 0.7343299239444008,
    "Gnome / Arcanist / Sea": 0.7212168895882508,
    "Human / Assassin / Electric": 0.6687647521636507,
    "Human / Ranger / Sea": 0.6556517178075006,
    "Human / Ranger / Electric": 0.5769735116706006,
    "Elf / Ranger / Sea": 0.5376344086021506,
    "Gnome / Ranger / Sea": 0.4589562024652505,
    "Gnome / Assassin / Sea": 0.4196170993968004
}