{
    "Human / Assassin / Flame": 66.66666666666666,
    "Human / Fighter / Sea": 55.55555555555556,
    "Gnome / Fighter / Nature": 44.44444444444444,
    "Dwarf / Fighter / Nature": 33.33333333333333
}