{
    "Gnome / Fighter / Flame": 75.17615176151762,
    "Elf / Arcanist / Electric": 60.392953929539296,
    "Orc / Arcanist / Sea": 55.17615176151761,
    "Dwarf / Fighter / Flame": 54.28184281842818,
    "Orc / Assassin / Flame": 52.24932249322494,
    "Orc / Ranger / Electric": 50.10840108401084,
    "Elf / Arcanist / Terra": 46.883468834688344,
    "Human / Ranger / Nature": 43.075880758807585,
    "Orc / Assassin / Nature": 39.295392953929536,
    "Human / Warrior / Nature": 38.83468834688347,
    "Dwarf / Warrior / Flame": 34.52574525745257
}